sample,eccentric_snr,lensed_snr,unlensed_snr
0,110.36928053519479,142.7899138441782,109.11520951227493
1,35.678368120173666,42.19809840479003,34.39391326928093
2,46.8931518514506,59.30612401545904,46.73668811756937
3,227.72639125177844,288.5585924582355,229.9016007767672
4,861.1519343922556,1564.8820054431017,845.9659903255366
